timeStamp,elapsed,label,responseCode,responseMessage,threadName,dataType,success,failureMessage,bytes,sentBytes,grpThreads,allThreads,URL,Latency,IdleTime,Connect
1732543590994,1270,homepage,200,OK,Thread Group 1-3,text,true,,458811,544,15,15,https://2nhaber.com/,519,0,389
1732543591291,954,homepage,200,OK,Thread Group 1-6,text,true,,458804,544,15,15,https://2nhaber.com/,222,0,113
1732543591093,1421,homepage,200,OK,Thread Group 1-4,text,true,,458804,544,18,18,https://2nhaber.com/,420,0,290
1732543591783,980,homepage,200,OK,Thread Group 1-11,text,true,,458790,544,20,20,https://2nhaber.com/,185,0,112
1732543592082,730,homepage,200,OK,Thread Group 1-14,text,true,,458804,544,21,21,https://2nhaber.com/,229,0,131
1732543591194,1616,homepage,200,OK,Thread Group 1-5,text,true,,458804,544,21,21,https://2nhaber.com/,319,0,189
1732543591882,997,homepage,200,OK,Thread Group 1-12,text,true,,458797,544,22,22,https://2nhaber.com/,174,0,109
1732543591587,1357,homepage,200,OK,Thread Group 1-9,text,true,,458790,544,22,22,https://2nhaber.com/,286,0,215
1732543591393,1549,homepage,200,OK,Thread Group 1-7,text,true,,458790,544,22,22,https://2nhaber.com/,185,0,109
1732543592375,749,homepage,200,OK,Thread Group 1-17,text,true,,458811,544,24,24,https://2nhaber.com/,210,0,130
1732543590890,2239,homepage,200,OK,Thread Group 1-1,text,true,,458790,544,24,24,https://2nhaber.com/,623,0,493
1732543592177,1149,homepage,200,OK,Thread Group 1-15,text,true,,458790,544,26,26,https://2nhaber.com/,213,0,119
1732543592769,557,homepage,200,OK,Thread Group 1-21,text,true,,458811,544,26,26,https://2nhaber.com/,216,0,117
1732543592671,709,homepage,200,OK,Thread Group 1-20,text,true,,458790,544,27,27,https://2nhaber.com/,223,0,124
1732543591489,1936,homepage,200,OK,Thread Group 1-8,text,true,,458790,544,27,27,https://2nhaber.com/,297,0,125
1732543591983,1799,homepage,200,OK,Thread Group 1-13,text,true,,458790,544,31,31,https://2nhaber.com/,204,0,117
1732543593167,646,homepage,200,OK,Thread Group 1-25,text,true,,458796,544,31,31,https://2nhaber.com/,218,0,116
1732543592870,1149,homepage,200,OK,Thread Group 1-22,text,true,,458790,544,33,33,https://2nhaber.com/,242,0,116
1732543590897,3147,homepage,200,OK,Thread Group 1-2,text,true,,458796,544,33,33,https://2nhaber.com/,619,0,486
1732543593066,978,homepage,200,OK,Thread Group 1-24,text,true,,458796,544,33,33,https://2nhaber.com/,240,0,122
1732543593568,787,homepage,200,OK,Thread Group 1-29,text,true,,458811,544,37,37,https://2nhaber.com/,257,0,147
1732543592274,2094,homepage,200,OK,Thread Group 1-16,text,true,,458797,544,37,37,https://2nhaber.com/,286,0,116
1732543593760,809,homepage,200,OK,Thread Group 1-31,text,true,,458811,544,39,39,https://2nhaber.com/,244,0,113
1732543593466,1441,homepage,200,OK,Thread Group 1-28,text,true,,458811,544,42,42,https://2nhaber.com/,273,0,136
1732543592968,1999,homepage,200,OK,Thread Group 1-23,text,true,,458796,544,43,43,https://2nhaber.com/,223,0,119
1732543592571,2418,homepage,200,OK,Thread Group 1-19,text,true,,458804,544,43,43,https://2nhaber.com/,264,0,121
1732543594452,553,homepage,200,OK,Thread Group 1-38,text,true,,458790,544,43,43,https://2nhaber.com/,288,0,107
1732543594158,921,homepage,200,OK,Thread Group 1-35,text,true,,458811,544,44,44,https://2nhaber.com/,276,0,115
1732543592473,2629,homepage,200,OK,Thread Group 1-18,text,true,,458804,544,44,44,https://2nhaber.com/,335,0,120
1732543594651,723,homepage,200,OK,Thread Group 1-40,text,true,,458790,544,47,47,https://2nhaber.com/,450,0,106
1732543593860,1533,homepage,200,OK,Thread Group 1-32,text,true,,458804,544,47,47,https://2nhaber.com/,268,0,123
1732543594552,967,homepage,200,OK,Thread Group 1-39,text,true,,458811,544,48,48,https://2nhaber.com/,504,0,114
1732543593960,1579,homepage,200,OK,Thread Group 1-33,text,true,,458804,544,48,48,https://2nhaber.com/,298,0,154
1732543593364,2347,homepage,200,OK,Thread Group 1-27,text,true,,458804,544,50,50,https://2nhaber.com/,283,0,131
1732543594851,911,homepage,200,OK,Thread Group 1-42,text,true,,458790,544,50,50,https://2nhaber.com/,578,0,117
1732543593663,2187,homepage,200,OK,Thread Group 1-30,text,true,,458790,544,50,50,https://2nhaber.com/,294,0,126
1732543591685,4283,homepage,200,OK,Thread Group 1-10,text,true,,458796,544,50,50,https://2nhaber.com/,634,0,549
1732543593265,3253,homepage,200,OK,Thread Group 1-26,text,true,,458804,544,50,50,https://2nhaber.com/,785,0,122
1732543594059,2505,homepage,200,OK,Thread Group 1-34,text,true,,458811,544,50,50,https://2nhaber.com/,296,0,146
1732543595049,1584,homepage,200,OK,Thread Group 1-44,text,true,,458811,544,50,50,https://2nhaber.com/,1243,0,108
1732543595148,1657,homepage,200,OK,Thread Group 1-45,text,true,,458804,544,50,50,https://2nhaber.com/,1391,0,109
1732543594949,1975,homepage,200,OK,Thread Group 1-43,text,true,,458811,544,50,50,https://2nhaber.com/,1259,0,112
1732543595246,1760,homepage,200,OK,Thread Group 1-46,text,true,,458811,544,50,50,https://2nhaber.com/,1358,0,118
1732543594257,2971,homepage,200,OK,Thread Group 1-36,text,true,,458804,544,50,50,https://2nhaber.com/,868,0,525
1732543594752,2480,homepage,200,OK,Thread Group 1-41,text,true,,458790,544,50,50,https://2nhaber.com/,693,0,108
1732543595447,1837,homepage,200,OK,Thread Group 1-48,text,true,,458811,544,50,50,https://2nhaber.com/,1561,0,107
1732543595544,2075,homepage,200,OK,Thread Group 1-49,text,true,,458811,544,50,50,https://2nhaber.com/,1501,0,123
1732543594355,3273,homepage,200,OK,Thread Group 1-37,text,true,,458811,544,50,50,https://2nhaber.com/,2880,0,1113
1732543595643,2020,homepage,200,OK,Thread Group 1-50,text,true,,458811,544,50,50,https://2nhaber.com/,1754,0,108
1732543595346,2830,homepage,200,OK,Thread Group 1-47,text,true,,458811,544,50,50,https://2nhaber.com/,1895,0,110
1732543592544,12436,searchpage,200,OK,Thread Group 1-4,text,true,,128823,501,50,50,https://2nhaber.com/?s=manisa,12244,0,0
1732543592906,15387,searchpage,200,OK,Thread Group 1-12,text,true,,128823,501,50,50,https://2nhaber.com/?s=manisa,15102,0,0
1732543593407,16211,searchpage,200,OK,Thread Group 1-20,text,true,,128823,501,50,50,https://2nhaber.com/?s=manisa,16057,0,0
1732543593439,16403,searchpage,200,OK,Thread Group 1-8,text,true,,128810,501,50,50,https://2nhaber.com/?s=manisa,15876,0,0
1732543592459,17674,searchpage,200,OK,Thread Group 1-3,text,true,,170449,500,50,50,https://2nhaber.com/?s=izmir,17426,0,0
1732543594067,17199,searchpage,200,OK,Thread Group 1-24,text,true,,128823,501,50,50,https://2nhaber.com/?s=manisa,17052,0,0
1732543592458,19367,searchpage,200,OK,Thread Group 1-6,text,true,,185363,501,50,50,https://2nhaber.com/?s=ankara,19202,0,0
1732543594385,18138,searchpage,200,OK,Thread Group 1-16,text,true,,128823,501,50,50,https://2nhaber.com/?s=manisa,17799,0,0
1732543592788,20003,searchpage,200,OK,Thread Group 1-11,text,true,,170429,500,50,50,https://2nhaber.com/?s=izmir,19804,0,0
1732543594920,18186,searchpage,200,OK,Thread Group 1-28,text,true,,128823,501,50,50,https://2nhaber.com/?s=manisa,18038,0,0
1732543592982,20685,searchpage,200,OK,Thread Group 1-7,text,true,,170449,500,50,50,https://2nhaber.com/?s=izmir,20333,0,0
1732543592854,21438,searchpage,200,OK,Thread Group 1-5,text,true,,185315,503,50,50,https://2nhaber.com/?s=istanbul,21102,0,0
1732543592852,21639,searchpage,200,OK,Thread Group 1-14,text,true,,185363,501,50,50,https://2nhaber.com/?s=ankara,21436,0,0
1732543593350,21504,searchpage,200,OK,Thread Group 1-15,text,true,,170429,500,50,50,https://2nhaber.com/?s=izmir,21186,0,0
1732543592981,22639,searchpage,200,OK,Thread Group 1-9,text,true,,185295,503,50,50,https://2nhaber.com/?s=istanbul,22254,0,0
1732543614296,1663,newspage,200,OK,Thread Group 1-5,text,true,,140523,540,50,50,https://2nhaber.com/medyanin-dijitallesmesi-bogazicinde-konusulacak//,1417,0,0
1732543591192,24717,Test,200,"Number of samples in transaction : 3, number of failing samples : 0",Thread Group 1-5,,true,,784642,1587,50,50,null,22838,54,189
1732543595395,20646,searchpage,200,OK,Thread Group 1-40,text,true,,128823,501,50,50,https://2nhaber.com/?s=manisa,20494,0,0
1732543593140,22909,searchpage,200,OK,Thread Group 1-17,text,true,,185315,503,50,50,https://2nhaber.com/?s=istanbul,22664,0,0
1732543593146,23027,searchpage,200,OK,Thread Group 1-1,text,true,,185315,503,50,50,https://2nhaber.com/?s=istanbul,22527,0,0
1732543593351,22945,searchpage,200,OK,Thread Group 1-21,text,true,,185315,503,50,50,https://2nhaber.com/?s=istanbul,22789,0,0
1732543615624,747,newspage,200,OK,Thread Group 1-9,text,true,,142620,539,50,50,https://2nhaber.com/bayraktardan-dunya-havacilik-tarihinde-bir-ilk//,497,0,0
1732543591586,24743,Test,200,"Number of samples in transaction : 3, number of failing samples : 0",Thread Group 1-9,,true,,786705,1586,50,50,null,23037,45,215
1732543616053,651,newspage,200,OK,Thread Group 1-17,text,true,,162257,526,50,50,https://2nhaber.com/gokyuzunun-yerli-ve-milli-iradesi//,460,0,0
1732543592373,24309,Test,200,"Number of samples in transaction : 3, number of failing samples : 0",Thread Group 1-17,,true,,806383,1573,50,50,null,23334,25,130
1732543595410,21350,searchpage,200,OK,Thread Group 1-32,text,true,,128810,501,50,50,https://2nhaber.com/?s=manisa,21108,0,0
1732543615963,891,homepage,200,OK,Thread Group 1-5,text,true,,458817,544,50,50,https://2nhaber.com/,293,0,0
1732543616300,590,newspage,200,OK,Thread Group 1-21,text,true,,161850,521,50,50,https://2nhaber.com/turkiye-enerjide-merkez-ulke//,496,0,0
1732543592768,24092,Test,200,"Number of samples in transaction : 3, number of failing samples : 0",Thread Group 1-21,,true,,805976,1568,50,50,null,23501,34,117
1732543616177,965,newspage,200,OK,Thread Group 1-1,text,true,,109443,501,50,50,https://2nhaber.com/iletisim//,728,0,0
1732543590818,26231,Test,200,"Number of samples in transaction : 3, number of failing samples : 0",Thread Group 1-1,,true,,753548,1548,50,50,null,23878,96,493
1732543616375,1219,homepage,200,OK,Thread Group 1-9,text,true,,458817,544,50,50,https://2nhaber.com/,540,0,0
1732543616708,962,homepage,200,OK,Thread Group 1-17,text,true,,458796,544,50,50,https://2nhaber.com/,476,0,0
1732543593833,23978,searchpage,200,OK,Thread Group 1-25,text,true,,185295,503,50,50,https://2nhaber.com/?s=istanbul,23811,0,0
1732543616894,916,homepage,200,OK,Thread Group 1-21,text,true,,458837,544,50,50,https://2nhaber.com/,642,0,0
1732543596644,21316,searchpage,200,OK,Thread Group 1-44,text,true,,128823,501,50,50,https://2nhaber.com/?s=manisa,21169,0,0
1732543593801,24169,searchpage,200,OK,Thread Group 1-13,text,true,,185315,503,50,50,https://2nhaber.com/?s=istanbul,23408,0,0
1732543617815,554,newspage,200,OK,Thread Group 1-25,text,true,,153997,549,50,50,https://2nhaber.com/muzeverse-aciliyor-turkiyenin-ilk-sanal-gerceklik-muzesi//,457,0,0
1732543593166,25178,Test,200,"Number of samples in transaction : 3, number of failing samples : 0",Thread Group 1-25,,true,,798088,1596,50,50,null,24486,28,116
1732543617146,1480,homepage,200,OK,Thread Group 1-1,text,true,,458796,544,50,50,https://2nhaber.com/,396,0,0
1732543594067,24693,searchpage,200,OK,Thread Group 1-2,text,true,,185343,501,50,50,https://2nhaber.com/?s=ankara,24270,0,0
1732543594043,24914,searchpage,200,OK,Thread Group 1-22,text,true,,185343,501,50,50,https://2nhaber.com/?s=ankara,24581,0,0
1732543594369,24641,searchpage,200,OK,Thread Group 1-29,text,true,,185315,503,50,50,https://2nhaber.com/?s=istanbul,24446,0,0
1732543597295,21813,searchpage,200,OK,Thread Group 1-48,text,true,,128823,501,50,50,https://2nhaber.com/?s=manisa,21650,0,0
1732543617974,1139,newspage,200,OK,Thread Group 1-13,text,true,,161850,521,50,50,https://2nhaber.com/turkiye-enerjide-merkez-ulke//,747,0,0
1732543591982,27107,Test,200,"Number of samples in transaction : 3, number of failing samples : 0",Thread Group 1-13,,true,,805955,1568,50,50,null,24359,27,117
1732543597238,22075,searchpage,200,OK,Thread Group 1-36,text,true,,128823,501,50,50,https://2nhaber.com/?s=manisa,21835,0,0
1732543618373,934,homepage,200,OK,Thread Group 1-25,text,true,,458837,544,50,50,https://2nhaber.com/,616,0,0
1732543619014,329,newspage,200,OK,Thread Group 1-29,text,true,,142620,539,50,50,https://2nhaber.com/bayraktardan-dunya-havacilik-tarihinde-bir-ilk//,230,0,0
1732543593567,25757,Test,200,"Number of samples in transaction : 3, number of failing samples : 0",Thread Group 1-29,,true,,786746,1586,50,50,null,24933,22,147
1732543594979,24421,searchpage,200,OK,Thread Group 1-23,text,true,,170449,500,50,50,https://2nhaber.com/?s=izmir,23812,0,0
1732543595001,24411,searchpage,200,OK,Thread Group 1-19,text,true,,170443,500,50,50,https://2nhaber.com/?s=izmir,23783,0,0
1732543619117,972,homepage,200,OK,Thread Group 1-13,text,true,,458803,544,50,50,https://2nhaber.com/,217,0,0
1732543619347,1242,homepage,200,OK,Thread Group 1-29,text,true,,458796,544,50,50,https://2nhaber.com/,785,0,0
1732543594589,26014,searchpage,200,OK,Thread Group 1-31,text,true,,170449,500,50,50,https://2nhaber.com/?s=izmir,25799,0,0
1732543595092,25679,searchpage,200,OK,Thread Group 1-35,text,true,,170449,500,50,50,https://2nhaber.com/?s=izmir,25524,0,0
1732543595016,26358,searchpage,200,OK,Thread Group 1-38,text,true,,185363,501,50,50,https://2nhaber.com/?s=ankara,26200,0,0
1732543595114,26551,searchpage,200,OK,Thread Group 1-18,text,true,,185357,501,50,50,https://2nhaber.com/?s=ankara,26118,0,0
1732543595722,26302,searchpage,200,OK,Thread Group 1-27,text,true,,170429,500,50,50,https://2nhaber.com/?s=izmir,25685,0,0
1732543595529,26955,searchpage,200,OK,Thread Group 1-39,text,true,,170449,500,50,50,https://2nhaber.com/?s=izmir,26797,0,0
1732543595550,27815,searchpage,200,OK,Thread Group 1-33,text,true,,185315,503,50,50,https://2nhaber.com/?s=istanbul,27329,0,0
1732543595860,28632,searchpage,200,OK,Thread Group 1-30,text,true,,185363,501,50,50,https://2nhaber.com/?s=ankara,28105,0,0
1732543595778,29008,searchpage,200,OK,Thread Group 1-42,text,true,,185363,501,50,50,https://2nhaber.com/?s=ankara,28848,0,0
1732543596934,27864,searchpage,200,OK,Thread Group 1-43,text,true,,170449,500,50,50,https://2nhaber.com/?s=izmir,27703,0,0
1732543596816,28451,searchpage,200,OK,Thread Group 1-45,text,true,,185315,503,50,50,https://2nhaber.com/?s=istanbul,28292,0,0
1732543595979,29890,searchpage,200,OK,Thread Group 1-10,text,true,,185357,501,50,50,https://2nhaber.com/?s=ankara,29406,0,0
1732543596528,29518,searchpage,200,OK,Thread Group 1-26,text,true,,185357,501,50,50,https://2nhaber.com/?s=ankara,29125,0,0
1732543596574,29475,searchpage,200,OK,Thread Group 1-34,text,true,,185363,501,50,50,https://2nhaber.com/?s=ankara,28900,0,0
1732543597242,29558,searchpage,200,OK,Thread Group 1-41,text,true,,185315,503,50,50,https://2nhaber.com/?s=istanbul,29217,0,0
1732543604987,22017,newspage,200,OK,Thread Group 1-4,text,true,,144575,535,50,50,https://2nhaber.com/rus-kisitlamasi-uranyum-fiyatini-yukseltti//,21817,0,0
1732543591091,35874,Test,200,"Number of samples in transaction : 3, number of failing samples : 0",Thread Group 1-4,,true,,732202,1580,50,50,null,34481,42,290
1732543597016,30003,searchpage,200,OK,Thread Group 1-46,text,true,,185363,501,50,50,https://2nhaber.com/?s=ankara,29808,0,0
1732543608300,18795,newspage,200,OK,Thread Group 1-12,text,true,,144575,535,50,50,https://2nhaber.com/rus-kisitlamasi-uranyum-fiyatini-yukseltti//,18492,0,0
1732543591881,35179,Test,200,"Number of samples in transaction : 3, number of failing samples : 0",Thread Group 1-12,,true,,732195,1580,50,50,null,33768,38,109
1732543623369,3820,newspage,200,OK,Thread Group 1-33,text,true,,154011,549,50,50,https://2nhaber.com/muzeverse-aciliyor-turkiyenin-ilk-sanal-gerceklik-muzesi//,3522,0,0
1732543593959,33214,Test,200,"Number of samples in transaction : 3, number of failing samples : 0",Thread Group 1-33,,true,,798130,1596,50,50,null,31149,20,154
1732543597639,29805,searchpage,200,OK,Thread Group 1-37,text,true,,185315,503,50,50,https://2nhaber.com/?s=istanbul,29649,0,0
1732543625271,2199,newspage,200,OK,Thread Group 1-45,text,true,,142242,540,50,50,https://2nhaber.com/turkiyenin-ar-ge-harcamalari-3775-milyara-cikti//,2023,0,0
1732543595147,32307,Test,200,"Number of samples in transaction : 3, number of failing samples : 0",Thread Group 1-45,,true,,786361,1587,50,50,null,31706,20,109
1732543609622,17963,newspage,200,OK,Thread Group 1-20,text,true,,150597,523,50,50,https://2nhaber.com/manisada-yanardag-patlayabilir//,17733,0,0
1732543592669,34883,Test,200,"Number of samples in transaction : 3, number of failing samples : 0",Thread Group 1-20,,true,,738210,1568,50,50,null,34013,36,124
1732543597630,30084,searchpage,200,OK,Thread Group 1-49,text,true,,185295,503,50,50,https://2nhaber.com/?s=istanbul,29925,0,0
1732543597675,30489,searchpage,200,OK,Thread Group 1-50,text,true,,185343,501,50,50,https://2nhaber.com/?s=ankara,30329,0,0
1732543626804,1764,newspage,200,OK,Thread Group 1-41,text,true,,161850,521,50,50,https://2nhaber.com/turkiye-enerjide-merkez-ulke//,1520,0,0
1732543594751,33802,Test,200,"Number of samples in transaction : 3, number of failing samples : 0",Thread Group 1-41,,true,,805955,1568,50,50,null,31430,18,108
1732543609846,19229,newspage,200,OK,Thread Group 1-8,text,true,,144575,535,50,50,https://2nhaber.com/rus-kisitlamasi-uranyum-fiyatini-yukseltti//,18838,0,0
1732543591488,37568,Test,200,"Number of samples in transaction : 3, number of failing samples : 0",Thread Group 1-8,,true,,732175,1580,50,50,null,35011,22,125
1732543627023,2181,newspage,200,OK,Thread Group 1-46,text,true,,142242,540,50,50,https://2nhaber.com/turkiyenin-ar-ge-harcamalari-3775-milyara-cikti//,2033,0,0
1732543595246,33944,Test,200,"Number of samples in transaction : 3, number of failing samples : 0",Thread Group 1-46,,true,,786416,1585,50,50,null,33199,18,118
1732543627007,2210,homepage,200,OK,Thread Group 1-4,text,true,,458824,544,50,50,https://2nhaber.com/,1666,0,0
1732543627098,2680,homepage,200,OK,Thread Group 1-12,text,true,,458796,544,50,50,https://2nhaber.com/,1991,0,0
1732543627447,2447,newspage,200,OK,Thread Group 1-37,text,true,,162271,526,50,50,https://2nhaber.com/gokyuzunun-yerli-ve-milli-iradesi//,2289,0,0
1732543594354,35525,Test,200,"Number of samples in transaction : 3, number of failing samples : 0",Thread Group 1-37,,true,,806397,1573,50,50,null,34818,19,1113
1732543598187,31837,searchpage,200,OK,Thread Group 1-47,text,true,,170429,500,50,50,https://2nhaber.com/?s=izmir,31589,0,0
1732543610138,19958,newspage,200,OK,Thread Group 1-3,text,true,,146379,522,50,50,https://2nhaber.com/yerli-asi-projeleri-gelisiyor//,19758,0,0
1732543590992,38902,Test,200,"Number of samples in transaction : 3, number of failing samples : 0",Thread Group 1-3,,true,,775639,1566,50,50,null,37703,205,389
1732543627194,2926,homepage,200,OK,Thread Group 1-33,text,true,,458789,544,50,50,https://2nhaber.com/,2199,0,0
1732543611270,19121,newspage,200,OK,Thread Group 1-24,text,true,,144561,535,50,50,https://2nhaber.com/rus-kisitlamasi-uranyum-fiyatini-yukseltti//,18897,0,0
1732543593065,37298,Test,200,"Number of samples in transaction : 3, number of failing samples : 0",Thread Group 1-24,,true,,732180,1580,50,50,null,36189,31,122
1732543627474,2954,homepage,200,OK,Thread Group 1-45,text,true,,458796,544,50,50,https://2nhaber.com/,2638,0,0
1732543627718,2734,newspage,200,OK,Thread Group 1-49,text,true,,162271,526,50,50,https://2nhaber.com/gokyuzunun-yerli-ve-milli-iradesi//,2572,0,0
1732543595543,34893,Test,200,"Number of samples in transaction : 3, number of failing samples : 0",Thread Group 1-49,,true,,806377,1573,50,50,null,33998,20,123
1732543627589,2974,homepage,200,OK,Thread Group 1-20,text,true,,458837,544,50,50,https://2nhaber.com/,2570,0,0
1732543629208,1723,homepage,200,OK,Thread Group 1-46,text,true,,458831,544,50,50,https://2nhaber.com/,1376,0,0
1732543628572,2564,homepage,200,OK,Thread Group 1-41,text,true,,458789,544,50,50,https://2nhaber.com/,1937,0,0
1732543629079,2332,homepage,200,OK,Thread Group 1-8,text,true,,458810,544,50,50,https://2nhaber.com/,1487,0,0
1732543629898,1515,homepage,200,OK,Thread Group 1-37,text,true,,458837,544,50,50,https://2nhaber.com/,1227,0,0
1732543612527,18924,newspage,200,OK,Thread Group 1-16,text,true,,150597,523,50,50,https://2nhaber.com/manisada-yanardag-patlayabilir//,18554,0,0
1732543592272,39156,Test,200,"Number of samples in transaction : 3, number of failing samples : 0",Thread Group 1-16,,true,,738217,1568,50,50,null,36639,26,116
1732543630099,1686,homepage,200,OK,Thread Group 1-3,text,true,,458831,544,50,50,https://2nhaber.com/,1100,0,0
1732543612795,19031,newspage,200,OK,Thread Group 1-11,text,true,,146379,522,50,50,https://2nhaber.com/yerli-asi-projeleri-gelisiyor//,18832,0,0
1732543591782,40014,Test,200,"Number of samples in transaction : 3, number of failing samples : 0",Thread Group 1-11,,true,,775598,1566,50,50,null,38821,33,112
1732543613110,18813,newspage,200,OK,Thread Group 1-28,text,true,,144575,535,50,50,https://2nhaber.com/rus-kisitlamasi-uranyum-fiyatini-yukseltti//,18663,0,0
1732543593465,38440,Test,200,"Number of samples in transaction : 3, number of failing samples : 0",Thread Group 1-28,,true,,732209,1580,50,50,null,36974,21,136
1732543630396,1766,homepage,200,OK,Thread Group 1-24,text,true,,458796,544,50,50,https://2nhaber.com/,1266,0,0
1732543630456,1888,homepage,200,OK,Thread Group 1-49,text,true,,458837,544,50,50,https://2nhaber.com/,1595,0,0
1732543613675,18874,newspage,200,OK,Thread Group 1-7,text,true,,138948,529,50,50,https://2nhaber.com/izmir-korfezine-yeni-kirlilik-seferi//,18625,0,0
1732543591389,41108,Test,200,"Number of samples in transaction : 3, number of failing samples : 0",Thread Group 1-7,,true,,768187,1573,50,50,null,39143,55,109
1732543614857,18952,newspage,200,OK,Thread Group 1-15,text,true,,138935,529,50,50,https://2nhaber.com/izmir-korfezine-yeni-kirlilik-seferi//,18704,0,0
1732543592175,41605,Test,200,"Number of samples in transaction : 3, number of failing samples : 0",Thread Group 1-15,,true,,768154,1573,50,50,null,40103,31,119
1732543616045,18003,newspage,200,OK,Thread Group 1-40,text,true,,150597,523,50,50,https://2nhaber.com/manisada-yanardag-patlayabilir//,17851,0,0
1732543594650,39372,Test,200,"Number of samples in transaction : 3, number of failing samples : 0",Thread Group 1-40,,true,,738210,1568,50,50,null,38795,29,106
1732543631454,3034,homepage,200,OK,Thread Group 1-16,text,true,,458803,544,50,50,https://2nhaber.com/,2065,0,0
1732543631830,2881,homepage,200,OK,Thread Group 1-11,text,true,,458831,544,50,50,https://2nhaber.com/,2399,0,0
1732543631927,2965,homepage,200,OK,Thread Group 1-28,text,true,,458837,544,50,50,https://2nhaber.com/,2663,0,0
1732543616764,18439,newspage,200,OK,Thread Group 1-32,text,true,,144561,535,50,50,https://2nhaber.com/rus-kisitlamasi-uranyum-fiyatini-yukseltti//,18196,0,0
1732543593859,41322,Test,200,"Number of samples in transaction : 3, number of failing samples : 0",Thread Group 1-32,,true,,732175,1580,50,50,null,39572,24,123
1732543632552,3030,homepage,200,OK,Thread Group 1-7,text,true,,458817,544,50,50,https://2nhaber.com/,2396,0,0
1732543634051,1586,homepage,200,OK,Thread Group 1-40,text,true,,458796,544,50,50,https://2nhaber.com/,1297,0,0
1732543633812,1968,homepage,200,OK,Thread Group 1-15,text,true,,458796,544,50,50,https://2nhaber.com/,1320,0,0
1732543611829,24127,newspage,200,OK,Thread Group 1-6,text,true,,164005,525,50,50,https://2nhaber.com/karayollari-fiberle-daha-guvenli//,23974,0,0
1732543591289,44448,Test,200,"Number of samples in transaction : 3, number of failing samples : 0",Thread Group 1-6,,true,,808172,1570,50,50,null,43398,222,113
1732543635206,1150,homepage,200,OK,Thread Group 1-32,text,true,,458810,544,50,50,https://2nhaber.com/,517,0,0
1732543617963,18606,newspage,200,OK,Thread Group 1-44,text,true,,144575,535,50,50,https://2nhaber.com/rus-kisitlamasi-uranyum-fiyatini-yukseltti//,18456,0,0
1732543595049,41506,Test,200,"Number of samples in transaction : 3, number of failing samples : 0",Thread Group 1-44,,true,,732209,1580,50,50,null,40868,17,108
1732543619110,17868,newspage,200,OK,Thread Group 1-48,text,true,,144561,535,50,50,https://2nhaber.com/rus-kisitlamasi-uranyum-fiyatini-yukseltti//,17717,0,0
1732543595446,41518,Test,200,"Number of samples in transaction : 3, number of failing samples : 0",Thread Group 1-48,,true,,732195,1580,50,50,null,40928,16,107
1732543619316,18145,newspage,200,OK,Thread Group 1-36,text,true,,144575,535,50,50,https://2nhaber.com/rus-kisitlamasi-uranyum-fiyatini-yukseltti//,17903,0,0
1732543594256,43191,Test,200,"Number of samples in transaction : 3, number of failing samples : 0",Thread Group 1-36,,true,,732202,1580,50,50,null,40606,16,525
1732543635960,1611,homepage,200,OK,Thread Group 1-6,text,true,,458837,544,50,50,https://2nhaber.com/,1311,0,0
1732543617605,20083,searchpage,200,OK,Thread Group 1-9,text,true,,128823,501,50,50,https://2nhaber.com/?s=manisa,19891,0,0
1732543636572,1371,homepage,200,OK,Thread Group 1-44,text,true,,458796,544,50,50,https://2nhaber.com/,1084,0,0
1732543636981,1146,homepage,200,OK,Thread Group 1-48,text,true,,458837,544,50,50,https://2nhaber.com/,906,0,0
1732543620775,17885,newspage,200,OK,Thread Group 1-35,text,true,,150597,523,50,50,https://2nhaber.com/manisada-yanardag-patlayabilir//,17731,0,0
1732543594157,44485,Test,200,"Number of samples in transaction : 3, number of failing samples : 0",Thread Group 1-35,,true,,779857,1567,50,50,null,43531,21,115
1732543614495,24179,newspage,200,OK,Thread Group 1-14,text,true,,159257,518,50,50,https://2nhaber.com/gelecegin-askeri-ankarada//,23985,0,0
1732543592080,46548,Test,200,"Number of samples in transaction : 3, number of failing samples : 0",Thread Group 1-14,,true,,803424,1563,50,50,null,45650,48,131
1732543619415,19324,newspage,200,OK,Thread Group 1-19,text,true,,138949,529,50,50,https://2nhaber.com/izmir-korfezine-yeni-kirlilik-seferi//,18992,0,0
1732543592570,46153,Test,200,"Number of samples in transaction : 3, number of failing samples : 0",Thread Group 1-19,,true,,768196,1573,50,50,null,43039,19,121
1732543637464,1481,homepage,200,OK,Thread Group 1-36,text,true,,458789,544,50,50,https://2nhaber.com/,823,0,0
1732543637691,1303,newspage,200,OK,Thread Group 1-9,text,true,,144375,535,50,50,https://2nhaber.com/rus-kisitlamasi-uranyum-fiyatini-yukseltti//,1109,0,0
1732543616375,22605,Test,200,"Number of samples in transaction : 3, number of failing samples : 0",Thread Group 1-9,,true,,732015,1580,50,50,null,21540,16,0
1732543620606,18459,newspage,200,OK,Thread Group 1-31,text,true,,150583,523,49,49,https://2nhaber.com/manisada-yanardag-patlayabilir//,18307,0,0
1732543593759,45282,Test,200,"Number of samples in transaction : 3, number of failing samples : 0",Thread Group 1-31,,true,,779843,1567,49,49,null,44350,26,113
1732543638663,557,homepage,200,OK,Thread Group 1-35,text,true,,458837,544,49,49,https://2nhaber.com/,316,0,0
1732543619318,20210,searchpage,200,OK,Thread Group 1-25,text,true,,128823,501,49,49,https://2nhaber.com/?s=manisa,20060,0,0
1732543638677,883,homepage,200,OK,Thread Group 1-14,text,true,,458831,544,49,49,https://2nhaber.com/,487,0,0
1732543639068,623,homepage,200,OK,Thread Group 1-31,text,true,,458837,544,49,49,https://2nhaber.com/,261,0,0
1732543639530,352,newspage,200,OK,Thread Group 1-25,text,true,,144375,535,49,49,https://2nhaber.com/rus-kisitlamasi-uranyum-fiyatini-yukseltti//,250,0,0
1732543618373,21496,Test,200,"Number of samples in transaction : 3, number of failing samples : 0",Thread Group 1-25,,true,,732035,1580,49,49,null,20926,16,0
1732543638742,1341,homepage,200,OK,Thread Group 1-19,text,true,,458795,544,48,48,https://2nhaber.com/,538,0,0
1732543618764,23213,newspage,200,OK,Thread Group 1-2,text,true,,164005,525,48,48,https://2nhaber.com/karayollari-fiberle-daha-guvenli//,22919,0,0
1732543590896,51053,Test,200,"Number of samples in transaction : 3, number of failing samples : 0",Thread Group 1-2,,true,,808144,1570,48,48,null,47808,31,486
1732543618961,23025,newspage,200,OK,Thread Group 1-22,text,true,,162904,524,48,48,https://2nhaber.com/fikri-mulkiyet-elcileri-geliyor//,22765,0,0
1732543592869,49088,Test,200,"Number of samples in transaction : 3, number of failing samples : 0",Thread Group 1-22,,true,,807037,1569,48,48,null,47588,32,116
1732543616865,26031,searchpage,200,OK,Thread Group 1-5,text,true,,170449,500,48,48,https://2nhaber.com/?s=izmir,25732,0,0
1732543622487,20692,newspage,200,OK,Thread Group 1-39,text,true,,150597,523,48,48,https://2nhaber.com/manisada-yanardag-patlayabilir//,20539,0,0
1732543594551,48614,Test,200,"Number of samples in transaction : 3, number of failing samples : 0",Thread Group 1-39,,true,,779857,1567,48,48,null,47840,16,114
1732543619404,24192,newspage,200,OK,Thread Group 1-23,text,true,,163087,555,48,48,https://2nhaber.com/turkiye-vergi-rekortmeni-ucuncu-kez-yine-selcuk-bayraktar-oldu//,23855,0,0
1732543592966,50612,Test,200,"Number of samples in transaction : 3, number of failing samples : 0",Thread Group 1-23,,true,,792332,1599,48,48,null,47890,20,119
1732543621378,23193,newspage,200,OK,Thread Group 1-38,text,true,,163719,521,48,48,https://2nhaber.com/enerjide-turkiye-kilit-nokta//,23040,0,0
1732543594451,50104,Test,200,"Number of samples in transaction : 3, number of failing samples : 0",Thread Group 1-38,,true,,807872,1566,48,48,null,49528,19,107
1732543618637,26033,searchpage,200,OK,Thread Group 1-1,text,true,,170449,500,48,48,https://2nhaber.com/?s=izmir,25739,0,0
1732543624790,20186,newspage,200,OK,Thread Group 1-42,text,true,,146365,522,48,48,https://2nhaber.com/yerli-asi-projeleri-gelisiyor//,20033,0,0
1732543594850,50105,Test,200,"Number of samples in transaction : 3, number of failing samples : 0",Thread Group 1-42,,true,,790518,1567,48,48,null,49459,24,117
1732543617682,27646,searchpage,200,OK,Thread Group 1-17,text,true,,185295,503,48,48,https://2nhaber.com/?s=istanbul,27446,0,0
1732543624802,20541,newspage,200,OK,Thread Group 1-43,text,true,,138935,529,48,48,https://2nhaber.com/izmir-korfezine-yeni-kirlilik-seferi//,20391,0,0
1732543594948,50380,Test,200,"Number of samples in transaction : 3, number of failing samples : 0",Thread Group 1-43,,true,,768195,1573,48,48,null,49353,17,112
1732543641981,3471,homepage,200,OK,Thread Group 1-2,text,true,,458810,544,48,48,https://2nhaber.com/,2776,0,0
1732543642899,2565,newspage,200,OK,Thread Group 1-5,text,true,,162887,555,48,48,https://2nhaber.com/turkiye-vergi-rekortmeni-ucuncu-kez-yine-selcuk-bayraktar-oldu//,2317,0,0
1732543615963,29487,Test,200,"Number of samples in transaction : 3, number of failing samples : 0",Thread Group 1-5,,true,,792153,1599,48,48,null,28342,17,0
1732543641990,3471,homepage,200,OK,Thread Group 1-22,text,true,,458810,544,48,48,https://2nhaber.com/,2871,0,0
1732543621669,24103,newspage,200,OK,Thread Group 1-18,text,true,,163718,521,47,47,https://2nhaber.com/enerjide-turkiye-kilit-nokta//,23748,0,0
1732543592471,53283,Test,200,"Number of samples in transaction : 3, number of failing samples : 0",Thread Group 1-18,,true,,807879,1566,47,47,null,50201,21,120
1732543643182,2623,homepage,200,OK,Thread Group 1-39,text,true,,458837,544,47,47,https://2nhaber.com/,2306,0,0
1732543644574,1240,homepage,200,OK,Thread Group 1-38,text,true,,458837,544,47,47,https://2nhaber.com/,926,0,0
1732543645331,608,newspage,200,OK,Thread Group 1-17,text,true,,142563,549,47,47,https://2nhaber.com/orta-dogu-ve-afrikadaki-internet-istanbuldan-yonetiliyor//,461,0,0
1732543616708,29216,Test,200,"Number of samples in transaction : 3, number of failing samples : 0",Thread Group 1-17,,true,,786654,1596,47,47,null,28383,17,0
1732543622028,24008,newspage,200,OK,Thread Group 1-27,text,true,,163998,525,46,46,https://2nhaber.com/karayollari-fiberle-daha-guvenli//,23649,0,0
1732543593363,52657,Test,200,"Number of samples in transaction : 3, number of failing samples : 0",Thread Group 1-27,,true,,793231,1569,46,46,null,49617,19,131
1732543644979,1149,homepage,200,OK,Thread Group 1-42,text,true,,458837,544,46,46,https://2nhaber.com/,870,0,0
1732543617822,28359,searchpage,200,OK,Thread Group 1-21,text,true,,185363,501,46,46,https://2nhaber.com/?s=ankara,27878,0,0
1732543645346,1043,homepage,200,OK,Thread Group 1-43,text,true,,458837,544,46,46,https://2nhaber.com/,772,0,0
1732543643599,2840,homepage,200,OK,Thread Group 1-23,text,true,,458810,544,46,46,https://2nhaber.com/,1973,0,0
1732543645776,1108,homepage,200,OK,Thread Group 1-18,text,true,,458810,544,46,46,https://2nhaber.com/,431,0,0
1732543646184,1401,newspage,200,OK,Thread Group 1-21,text,true,,146179,522,46,46,https://2nhaber.com/yerli-asi-projeleri-gelisiyor//,1156,0,0
1732543616894,30676,Test,200,"Number of samples in transaction : 3, number of failing samples : 0",Thread Group 1-21,,true,,790379,1567,46,46,null,29676,17,0
1732543646039,1664,homepage,200,OK,Thread Group 1-27,text,true,,458810,544,45,45,https://2nhaber.com/,897,0,0
1732543620108,27731,searchpage,200,OK,Thread Group 1-13,text,true,,185295,503,45,45,https://2nhaber.com/?s=istanbul,27483,0,0
1732543620601,28057,searchpage,200,OK,Thread Group 1-29,text,true,,185363,501,45,45,https://2nhaber.com/?s=ankara,27855,0,0
1732543647842,1227,newspage,200,OK,Thread Group 1-13,text,true,,161850,521,45,45,https://2nhaber.com/turkiye-enerjide-merkez-ulke//,992,0,0
1732543619116,29930,Test,200,"Number of samples in transaction : 3, number of failing samples : 0",Thread Group 1-13,,true,,805948,1568,45,45,null,28692,26,0
1732543648661,1271,newspage,200,OK,Thread Group 1-29,text,true,,142228,540,44,44,https://2nhaber.com/turkiyenin-ar-ge-harcamalari-3775-milyara-cikti//,1106,0,0
1732543619347,30570,Test,200,"Number of samples in transaction : 3, number of failing samples : 0",Thread Group 1-29,,true,,786387,1585,44,44,null,29746,17,0
1732543624496,25447,newspage,200,OK,Thread Group 1-30,text,true,,160168,542,43,43,https://2nhaber.com/setadan-yapay-zeka-ve-uzay-teknolojileri-programi//,25101,0,0
1732543593661,56266,Test,200,"Number of samples in transaction : 3, number of failing samples : 0",Thread Group 1-30,,true,,804321,1587,43,43,null,53500,19,126
1732543626050,24644,newspage,200,OK,Thread Group 1-26,text,true,,159258,518,43,43,https://2nhaber.com/gelecegin-askeri-ankarada//,24336,0,0
1732543593264,57415,Test,200,"Number of samples in transaction : 3, number of failing samples : 0",Thread Group 1-26,,true,,803419,1563,43,43,null,54246,18,122
1732543626052,24660,newspage,200,OK,Thread Group 1-34,text,true,,160689,563,43,43,https://2nhaber.com/din-surasinda-yapay-zekanin-din-hizmetlerine-entegrasyonu-ele-alinacak//,24315,0,0
1732543594058,56640,Test,200,"Number of samples in transaction : 3, number of failing samples : 0",Thread Group 1-34,,true,,804863,1608,43,43,null,53511,16,146
1732543629790,21133,searchpage,200,OK,Thread Group 1-12,text,true,,128823,501,43,43,https://2nhaber.com/?s=manisa,20927,0,0
1732543625873,25109,newspage,200,OK,Thread Group 1-10,text,true,,163734,521,43,43,https://2nhaber.com/enerjide-turkiye-kilit-nokta//,24758,0,0
1732543591684,59282,Test,200,"Number of samples in transaction : 3, number of failing samples : 0",Thread Group 1-10,,true,,807887,1566,43,43,null,54798,19,549
1732543649946,1179,homepage,200,OK,Thread Group 1-30,text,true,,458810,544,43,43,https://2nhaber.com/,434,0,0
1732543650926,350,newspage,200,OK,Thread Group 1-12,text,true,,150397,523,43,43,https://2nhaber.com/manisada-yanardag-patlayabilir//,202,0,0
1732543627098,24163,Test,200,"Number of samples in transaction : 3, number of failing samples : 0",Thread Group 1-12,,true,,738016,1568,43,43,null,23120,18,0
1732543650698,830,homepage,200,OK,Thread Group 1-26,text,true,,458789,544,42,42,https://2nhaber.com/,199,0,0
1732543650716,920,homepage,200,OK,Thread Group 1-34,text,true,,458803,544,42,42,https://2nhaber.com/,187,0,0
1732543650986,888,homepage,200,OK,Thread Group 1-10,text,true,,458803,544,42,42,https://2nhaber.com/,203,0,0
1732543631147,21321,searchpage,200,OK,Thread Group 1-41,text,true,,128810,501,42,42,https://2nhaber.com/?s=manisa,21112,0,0
1732543652470,371,newspage,200,OK,Thread Group 1-41,text,true,,150397,523,42,42,https://2nhaber.com/manisada-yanardag-patlayabilir//,218,0,0
1732543628572,24256,Test,200,"Number of samples in transaction : 3, number of failing samples : 0",Thread Group 1-41,,true,,737996,1568,42,42,null,23267,15,0
1732543628168,25189,newspage,200,OK,Thread Group 1-50,text,true,,159272,518,41,41,https://2nhaber.com/gelecegin-askeri-ankarada//,25035,0,0
1732543595642,57698,Test,200,"Number of samples in transaction : 3, number of failing samples : 0",Thread Group 1-50,,true,,803426,1563,41,41,null,57118,20,108
1732543631796,21686,searchpage,200,OK,Thread Group 1-3,text,true,,128810,501,41,41,https://2nhaber.com/?s=manisa,21536,0,0
1732543653360,400,homepage,200,OK,Thread Group 1-50,text,true,,458837,544,41,41,https://2nhaber.com/,239,0,0
1732543653490,505,newspage,200,OK,Thread Group 1-3,text,true,,150384,523,41,41,https://2nhaber.com/manisada-yanardag-patlayabilir//,356,0,103
1732543630099,23877,Test,200,"Number of samples in transaction : 3, number of failing samples : 0",Thread Group 1-3,,true,,738025,1568,41,41,null,22992,22,103
1732543630028,24127,newspage,200,OK,Thread Group 1-47,text,true,,164005,525,40,40,https://2nhaber.com/karayollari-fiberle-daha-guvenli//,23887,0,0
1732543595346,58794,Test,200,"Number of samples in transaction : 3, number of failing samples : 0",Thread Group 1-47,,true,,793245,1569,40,40,null,57371,18,110
1732543654158,666,homepage,200,OK,Thread Group 1-47,text,true,,458817,544,40,40,https://2nhaber.com/,175,0,0
1732543634721,20196,searchpage,200,OK,Thread Group 1-11,text,true,,128810,501,40,40,https://2nhaber.com/?s=manisa,20038,0,0
1732543654921,472,newspage,200,OK,Thread Group 1-11,text,true,,150384,523,40,40,https://2nhaber.com/manisada-yanardag-patlayabilir//,315,0,103
1732543631829,23549,Test,200,"Number of samples in transaction : 3, number of failing samples : 0",Thread Group 1-11,,true,,738025,1568,40,40,null,22752,20,103
1732543629229,26307,searchpage,200,OK,Thread Group 1-4,text,true,,170449,500,39,39,https://2nhaber.com/?s=izmir,26104,0,0
1732543635647,20000,searchpage,200,OK,Thread Group 1-40,text,true,,128810,501,39,39,https://2nhaber.com/?s=manisa,19855,0,0
1732543655543,463,newspage,200,OK,Thread Group 1-4,text,true,,150384,523,39,39,https://2nhaber.com/manisada-yanardag-patlayabilir//,319,0,102
1732543627007,28980,Test,200,"Number of samples in transaction : 3, number of failing samples : 0",Thread Group 1-4,,true,,779657,1567,39,39,null,28089,22,102
1732543655650,416,newspage,200,OK,Thread Group 1-40,text,true,,144376,535,38,38,https://2nhaber.com/rus-kisitlamasi-uranyum-fiyatini-yukseltti//,265,0,100
1732543634051,22002,Test,200,"Number of samples in transaction : 3, number of failing samples : 0",Thread Group 1-40,,true,,731982,1580,38,38,null,21417,16,100
1732543630574,25937,searchpage,200,OK,Thread Group 1-20,text,true,,170449,500,37,37,https://2nhaber.com/?s=izmir,25745,0,0
1732543631424,25448,searchpage,200,OK,Thread Group 1-37,text,true,,170449,500,37,37,https://2nhaber.com/?s=izmir,25292,0,0
1732543656515,432,newspage,200,OK,Thread Group 1-20,text,true,,163811,525,37,37,https://2nhaber.com/karayollari-fiberle-daha-guvenli//,277,0,99
1732543627588,29343,Test,200,"Number of samples in transaction : 3, number of failing samples : 0",Thread Group 1-20,,true,,793097,1569,37,37,null,28592,19,99
1732543638137,18915,searchpage,200,OK,Thread Group 1-48,text,true,,128823,501,36,36,https://2nhaber.com/?s=manisa,18766,0,0
1732543630132,27149,searchpage,200,OK,Thread Group 1-33,text,true,,185315,503,36,36,https://2nhaber.com/?s=istanbul,26903,0,0
1732543657055,428,newspage,200,OK,Thread Group 1-48,text,true,,144362,535,36,36,https://2nhaber.com/rus-kisitlamasi-uranyum-fiyatini-yukseltti//,280,0,100
1732543636981,20489,Test,200,"Number of samples in transaction : 3, number of failing samples : 0",Thread Group 1-48,,true,,732022,1580,36,36,null,19952,16,100
1732543657284,429,newspage,200,OK,Thread Group 1-33,text,true,,109444,501,35,35,https://2nhaber.com/iletisim//,285,0,102
1732543627193,30504,Test,200,"Number of samples in transaction : 3, number of failing samples : 0",Thread Group 1-33,,true,,753548,1548,35,35,null,29387,18,102
1732543630439,27397,searchpage,200,OK,Thread Group 1-45,text,true,,185343,501,34,34,https://2nhaber.com/?s=ankara,27205,0,0
1732543631423,27188,searchpage,200,OK,Thread Group 1-8,text,true,,185315,503,34,34,https://2nhaber.com/?s=istanbul,26896,0,0
1732543630942,27838,searchpage,200,OK,Thread Group 1-46,text,true,,185343,501,34,34,https://2nhaber.com/?s=ankara,27647,0,0
1732543634499,24530,searchpage,200,OK,Thread Group 1-16,text,true,,170449,500,34,34,https://2nhaber.com/?s=izmir,24246,0,0
1732543658615,422,newspage,200,OK,Thread Group 1-8,text,true,,109437,501,34,34,https://2nhaber.com/iletisim//,278,0,98
1732543629079,29942,Test,200,"Number of samples in transaction : 3, number of failing samples : 0",Thread Group 1-8,,true,,753562,1548,34,34,null,28661,19,98
1732543658784,401,newspage,200,OK,Thread Group 1-46,text,true,,146180,522,33,33,https://2nhaber.com/yerli-asi-projeleri-gelisiyor//,239,0,99
1732543629208,29962,Test,200,"Number of samples in transaction : 3, number of failing samples : 0",Thread Group 1-46,,true,,790354,1567,33,33,null,29262,17,99
1732543632173,27268,searchpage,200,OK,Thread Group 1-24,text,true,,185295,503,32,32,https://2nhaber.com/?s=istanbul,27054,0,0
1732543659445,372,newspage,200,OK,Thread Group 1-24,text,true,,109437,501,32,32,https://2nhaber.com/iletisim//,227,0,103
1732543630395,29406,Test,200,"Number of samples in transaction : 3, number of failing samples : 0",Thread Group 1-24,,true,,753528,1548,32,32,null,28547,18,103
1732543632355,27490,searchpage,200,OK,Thread Group 1-49,text,true,,185343,501,31,31,https://2nhaber.com/?s=ankara,27324,0,0
1732543635791,24226,searchpage,200,OK,Thread Group 1-15,text,true,,170449,500,31,31,https://2nhaber.com/?s=izmir,23988,0,0
1732543659848,446,newspage,200,OK,Thread Group 1-49,text,true,,162705,524,31,31,https://2nhaber.com/fikri-mulkiyet-elcileri-geliyor//,293,0,100
1732543630456,29824,Test,200,"Number of samples in transaction : 3, number of failing samples : 0",Thread Group 1-49,,true,,806885,1569,31,31,null,29212,17,100
1732543634902,25481,searchpage,200,OK,Thread Group 1-28,text,true,,185295,503,30,30,https://2nhaber.com/?s=istanbul,25322,0,0
1732543660020,387,newspage,200,OK,Thread Group 1-15,text,true,,162888,555,30,30,https://2nhaber.com/turkiye-vergi-rekortmeni-ucuncu-kez-yine-selcuk-bayraktar-oldu//,235,0,97
1732543633812,26581,Test,200,"Number of samples in transaction : 3, number of failing samples : 0",Thread Group 1-15,,true,,792133,1599,30,30,null,25543,17,97
1732543644673,16120,newspage,200,OK,Thread Group 1-1,text,true,,139623,544,29,29,https://2nhaber.com/izmir-teknofestte-insansiz-tarim-araclari-yarisiyor//,15923,0,0
1732543617145,43633,Test,200,"Number of samples in transaction : 3, number of failing samples : 0",Thread Group 1-1,,true,,768868,1588,29,29,null,42058,17,0
1732543660386,417,newspage,200,OK,Thread Group 1-28,text,true,,142229,540,28,28,https://2nhaber.com/turkiyenin-ar-ge-harcamalari-3775-milyara-cikti//,269,0,97
1732543631926,28863,Test,200,"Number of samples in transaction : 3, number of failing samples : 0",Thread Group 1-28,,true,,786361,1587,28,28,null,28254,17,97
1732543635592,25235,searchpage,200,OK,Thread Group 1-7,text,true,,185363,501,27,27,https://2nhaber.com/?s=ankara,24991,0,0
1732543640094,20765,searchpage,200,OK,Thread Group 1-19,text,true,,128823,501,27,27,https://2nhaber.com/?s=manisa,20565,0,0
1732543637953,23222,searchpage,200,OK,Thread Group 1-44,text,true,,170449,500,27,27,https://2nhaber.com/?s=izmir,23066,0,0
1732543660830,404,newspage,200,OK,Thread Group 1-7,text,true,,159067,518,27,27,https://2nhaber.com/gelecegin-askeri-ankarada//,253,0,101
1732543632552,28669,Test,200,"Number of samples in transaction : 3, number of failing samples : 0",Thread Group 1-7,,true,,803247,1563,27,27,null,27640,16,101
1732543660862,380,newspage,200,OK,Thread Group 1-19,text,true,,144362,535,26,26,https://2nhaber.com/rus-kisitlamasi-uranyum-fiyatini-yukseltti//,223,0,98
1732543638742,22486,Test,200,"Number of samples in transaction : 3, number of failing samples : 0",Thread Group 1-19,,true,,731980,1580,26,26,null,21326,17,98
1732543636367,24882,searchpage,200,OK,Thread Group 1-32,text,true,,185315,503,25,25,https://2nhaber.com/?s=istanbul,24625,0,0
1732543639570,21901,searchpage,200,OK,Thread Group 1-14,text,true,,170449,500,25,25,https://2nhaber.com/?s=izmir,21705,0,0
1732543661252,378,newspage,200,OK,Thread Group 1-32,text,true,,142550,549,25,25,https://2nhaber.com/orta-dogu-ve-afrikadaki-internet-istanbuldan-yonetiliyor//,228,0,98
1732543635206,26410,Test,200,"Number of samples in transaction : 3, number of failing samples : 0",Thread Group 1-32,,true,,786675,1596,25,25,null,25370,17,98
1732543637581,24386,searchpage,200,OK,Thread Group 1-6,text,true,,185363,501,24,24,https://2nhaber.com/?s=ankara,24227,0,0
1732543645815,16325,searchpage,200,OK,Thread Group 1-39,text,true,,128823,501,24,24,https://2nhaber.com/?s=manisa,16177,0,0
1732543638955,23302,searchpage,200,OK,Thread Group 1-36,text,true,,185295,503,24,24,https://2nhaber.com/?s=istanbul,22995,0,0
1732543661971,391,newspage,200,OK,Thread Group 1-6,text,true,,159053,518,24,24,https://2nhaber.com/gelecegin-askeri-ankarada//,234,0,99
1732543635959,26388,Test,200,"Number of samples in transaction : 3, number of failing samples : 0",Thread Group 1-6,,true,,803253,1563,24,24,null,25772,18,99
1732543639230,23161,searchpage,200,OK,Thread Group 1-35,text,true,,185343,501,23,23,https://2nhaber.com/?s=ankara,23001,0,0
1732543639701,22746,searchpage,200,OK,Thread Group 1-31,text,true,,185315,503,23,23,https://2nhaber.com/?s=istanbul,22547,0,0
1732543662142,402,newspage,200,OK,Thread Group 1-39,text,true,,150398,523,23,23,https://2nhaber.com/manisada-yanardag-patlayabilir//,243,0,97
1732543643181,19350,Test,200,"Number of samples in transaction : 3, number of failing samples : 0",Thread Group 1-39,,true,,738058,1568,23,23,null,18726,16,97
1732543646400,16154,searchpage,200,OK,Thread Group 1-43,text,true,,128810,501,22,22,https://2nhaber.com/?s=manisa,16002,0,0
1732543662260,387,newspage,200,OK,Thread Group 1-36,text,true,,142564,549,22,22,https://2nhaber.com/orta-dogu-ve-afrikadaki-internet-istanbuldan-yonetiliyor//,236,0,103
1732543637464,25170,Test,200,"Number of samples in transaction : 3, number of failing samples : 0",Thread Group 1-36,,true,,786648,1596,22,22,null,24054,16,103
1732543662450,377,newspage,200,OK,Thread Group 1-31,text,true,,118253,503,21,21,https://2nhaber.com/hakkimizda//,230,0,106
1732543639068,23746,Test,200,"Number of samples in transaction : 3, number of failing samples : 0",Thread Group 1-31,,true,,762405,1550,21,21,null,23038,15,106
1732543662557,402,newspage,200,OK,Thread Group 1-43,text,true,,144376,535,20,20,https://2nhaber.com/rus-kisitlamasi-uranyum-fiyatini-yukseltti//,252,0,99
1732543645346,17599,Test,200,"Number of samples in transaction : 3, number of failing samples : 0",Thread Group 1-43,,true,,732023,1580,20,20,null,17026,17,99
1732543651540,12709,searchpage,200,OK,Thread Group 1-26,text,true,,128823,501,19,19,https://2nhaber.com/?s=manisa,12515,0,0
1732543645472,18941,searchpage,200,OK,Thread Group 1-22,text,true,,170449,500,19,19,https://2nhaber.com/?s=izmir,18703,0,0
1732543664251,359,newspage,200,OK,Thread Group 1-26,text,true,,150384,523,19,19,https://2nhaber.com/manisada-yanardag-patlayabilir//,205,0,98
1732543650698,13898,Test,200,"Number of samples in transaction : 3, number of failing samples : 0",Thread Group 1-26,,true,,737996,1568,19,19,null,12919,17,98
1732543646139,18503,searchpage,200,OK,Thread Group 1-42,text,true,,170436,500,18,18,https://2nhaber.com/?s=izmir,18348,0,0
1732543664416,375,newspage,200,OK,Thread Group 1-22,text,true,,139438,544,18,18,https://2nhaber.com/izmir-teknofestte-insansiz-tarim-araclari-yarisiyor//,228,0,98
1732543641989,22787,Test,200,"Number of samples in transaction : 3, number of failing samples : 0",Thread Group 1-22,,true,,768697,1588,18,18,null,21802,18,98
1732543645825,19055,searchpage,200,OK,Thread Group 1-38,text,true,,185343,501,17,17,https://2nhaber.com/?s=ankara,18898,0,0
1732543645463,19437,searchpage,200,OK,Thread Group 1-2,text,true,,185343,501,17,17,https://2nhaber.com/?s=ankara,19193,0,0
1732543664884,395,newspage,200,OK,Thread Group 1-38,text,true,,146166,522,17,17,https://2nhaber.com/yerli-asi-projeleri-gelisiyor//,237,0,98
1732543644574,20690,Test,200,"Number of samples in transaction : 3, number of failing samples : 0",Thread Group 1-38,,true,,790346,1567,17,17,null,20061,17,98
1732543664904,396,newspage,200,OK,Thread Group 1-2,text,true,,163811,525,16,16,https://2nhaber.com/karayollari-fiberle-daha-guvenli//,244,0,97
1732543641980,23304,Test,200,"Number of samples in transaction : 3, number of failing samples : 0",Thread Group 1-2,,true,,807964,1570,16,16,null,22213,19,97
1732543654839,10472,searchpage,200,OK,Thread Group 1-47,text,true,,128810,501,15,15,https://2nhaber.com/?s=manisa,10318,0,0
1732543646895,18436,searchpage,200,OK,Thread Group 1-18,text,true,,185295,503,15,15,https://2nhaber.com/?s=istanbul,18191,0,0
1732543646450,18952,searchpage,200,OK,Thread Group 1-23,text,true,,185315,503,15,15,https://2nhaber.com/?s=istanbul,18614,0,0
1732543647714,17919,searchpage,200,OK,Thread Group 1-27,text,true,,185343,501,15,15,https://2nhaber.com/?s=ankara,17665,0,0
1732543665314,351,newspage,200,OK,Thread Group 1-47,text,true,,150398,523,15,15,https://2nhaber.com/manisada-yanardag-patlayabilir//,202,0,97
1732543654158,11489,Test,200,"Number of samples in transaction : 3, number of failing samples : 0",Thread Group 1-47,,true,,738025,1568,15,15,null,10695,21,97
1732543665334,354,newspage,200,OK,Thread Group 1-18,text,true,,161851,521,14,14,https://2nhaber.com/turkiye-enerjide-merkez-ulke//,196,0,97
1732543645775,19898,Test,200,"Number of samples in transaction : 3, number of failing samples : 0",Thread Group 1-18,,true,,805956,1568,14,14,null,18818,18,97
1732543665406,366,newspage,200,OK,Thread Group 1-23,text,true,,161851,521,13,13,https://2nhaber.com/turkiye-enerjide-merkez-ulke//,212,0,98
1732543643599,22158,Test,200,"Number of samples in transaction : 3, number of failing samples : 0",Thread Group 1-23,,true,,805976,1568,13,13,null,20799,18,98
1732543651136,14735,searchpage,200,OK,Thread Group 1-30,text,true,,170449,500,12,12,https://2nhaber.com/?s=izmir,14487,0,0
1732543657839,8072,newspage,200,OK,Thread Group 1-45,text,true,,151049,550,12,12,https://2nhaber.com/alman-basini-turkiye-almanya-savunma-isbirligini-ele-aldi//,7923,0,99
1732543627474,38423,Test,200,"Number of samples in transaction : 3, number of failing samples : 0",Thread Group 1-45,,true,,795188,1595,12,12,null,37766,17,99
1732543665636,356,newspage,200,OK,Thread Group 1-27,text,true,,163811,525,11,11,https://2nhaber.com/karayollari-fiberle-daha-guvenli//,204,0,102
1732543646039,19939,Test,200,"Number of samples in transaction : 3, number of failing samples : 0",Thread Group 1-27,,true,,807964,1570,11,11,null,18766,17,102
1732543665876,362,newspage,200,OK,Thread Group 1-30,text,true,,162888,555,10,10,https://2nhaber.com/turkiye-vergi-rekortmeni-ucuncu-kez-yine-selcuk-bayraktar-oldu//,204,0,102
1732543649946,16276,Test,200,"Number of samples in transaction : 3, number of failing samples : 0",Thread Group 1-30,,true,,792147,1599,10,10,null,15125,19,102
1732543659033,7214,newspage,200,OK,Thread Group 1-16,text,true,,139297,519,9,9,https://2nhaber.com/kadin-bilisimcilere-destek//,7056,0,99
1732543631454,34778,Test,200,"Number of samples in transaction : 3, number of failing samples : 0",Thread Group 1-16,,true,,768549,1563,9,9,null,33367,17,99
1732543653771,12646,searchpage,200,OK,Thread Group 1-50,text,true,,170449,500,8,8,https://2nhaber.com/?s=izmir,12380,0,0
1732543651646,14779,searchpage,200,OK,Thread Group 1-34,text,true,,185315,503,8,8,https://2nhaber.com/?s=istanbul,14465,0,0
1732543651885,14594,searchpage,200,OK,Thread Group 1-10,text,true,,185358,501,8,8,https://2nhaber.com/?s=ankara,14325,0,128
1732543661178,5413,newspage,200,OK,Thread Group 1-44,text,true,,139297,519,8,8,https://2nhaber.com/kadin-bilisimcilere-destek//,5261,0,104
1732543636572,30006,Test,200,"Number of samples in transaction : 3, number of failing samples : 0",Thread Group 1-44,,true,,768542,1563,8,8,null,29411,16,104
1732543662394,4323,newspage,200,OK,Thread Group 1-35,text,true,,151035,550,7,7,https://2nhaber.com/alman-basini-turkiye-almanya-savunma-isbirligini-ele-aldi//,4162,0,104
1732543638663,28041,Test,200,"Number of samples in transaction : 3, number of failing samples : 0",Thread Group 1-35,,true,,795215,1595,7,7,null,27479,16,104
1732543661474,5320,newspage,200,OK,Thread Group 1-14,text,true,,139297,519,6,6,https://2nhaber.com/kadin-bilisimcilere-destek//,5020,0,98
1732543638676,28104,Test,200,"Number of samples in transaction : 3, number of failing samples : 0",Thread Group 1-14,,true,,768577,1563,6,6,null,27212,17,98
1732543666428,407,newspage,200,OK,Thread Group 1-34,text,true,,162272,526,5,5,https://2nhaber.com/gokyuzunun-yerli-ve-milli-iradesi//,189,0,105
1732543650715,16106,Test,200,"Number of samples in transaction : 3, number of failing samples : 0",Thread Group 1-34,,true,,806390,1573,5,5,null,14841,17,105
1732543664645,2232,newspage,200,OK,Thread Group 1-42,text,true,,139283,519,4,4,https://2nhaber.com/kadin-bilisimcilere-destek//,2081,0,104
1732543644979,21884,Test,200,"Number of samples in transaction : 3, number of failing samples : 0",Thread Group 1-42,,true,,768556,1563,4,4,null,21299,17,104
1732543666421,468,newspage,200,OK,Thread Group 1-50,text,true,,163811,525,3,3,https://2nhaber.com/karayollari-fiberle-daha-guvenli//,198,0,102
1732543653360,13514,Test,200,"Number of samples in transaction : 3, number of failing samples : 0",Thread Group 1-50,,true,,793097,1569,3,3,null,12817,18,102
1732543656875,10057,newspage,200,OK,Thread Group 1-37,text,true,,172770,541,2,2,https://2nhaber.com/daha-adil-bir-dunyayi-hep-birlikte-insa-edecegiz//,9546,0,97
1732543629898,37020,Test,200,"Number of samples in transaction : 3, number of failing samples : 0",Thread Group 1-37,,true,,802056,1585,2,2,null,36065,16,97
1732543666482,743,newspage,200,OK,Thread Group 1-10,text,true,,146179,522,1,1,https://2nhaber.com/yerli-asi-projeleri-gelisiyor//,76,0,0
1732543650985,16225,Test,200,"Number of samples in transaction : 3, number of failing samples : 0",Thread Group 1-10,,true,,790340,1567,1,1,null,14604,18,128
