{
  "newspage" : {
    "transaction" : "newspage",
    "sampleCount" : 100,
    "errorCount" : 0,
    "errorPct" : 0.0,
    "meanResTime" : 8626.659999999996,
    "medianResTime" : 1972.5,
    "minResTime" : 329.0,
    "maxResTime" : 25447.0,
    "pct1ResTime" : 24093.5,
    "pct2ResTime" : 24621.399999999994,
    "pct3ResTime" : 25444.42,
    "throughput" : 1.6067354349432823,
    "receivedKBytesPerSec" : 234.85738151832481,
    "sentKBytesPerSec" : 0.8301675624216717
  },
  "searchpage" : {
    "transaction" : "searchpage",
    "sampleCount" : 100,
    "errorCount" : 0,
    "errorPct" : 0.0,
    "meanResTime" : 22934.220000000005,
    "medianResTime" : 23191.5,
    "minResTime" : 10472.0,
    "maxResTime" : 31837.0,
    "pct1ResTime" : 28970.4,
    "pct2ResTime" : 29885.75,
    "pct3ResTime" : 31823.519999999993,
    "throughput" : 1.3509679685494658,
    "receivedKBytesPerSec" : 220.95904371732345,
    "sentKBytesPerSec" : 0.6613014592142771
  },
  "Test" : {
    "transaction" : "Test",
    "sampleCount" : 100,
    "errorCount" : 0,
    "errorPct" : 0.0,
    "meanResTime" : 33253.74,
    "medianResTime" : 29984.0,
    "minResTime" : 11489.0,
    "maxResTime" : 59282.0,
    "pct1ResTime" : 50588.8,
    "pct2ResTime" : 56621.299999999996,
    "pct3ResTime" : 59277.119999999995,
    "throughput" : 1.3090375955597444,
    "receivedKBytesPerSec" : 991.9648357730522,
    "sentKBytesPerSec" : 2.012555818181223
  },
  "Total" : {
    "transaction" : "Total",
    "sampleCount" : 300,
    "errorCount" : 0,
    "errorPct" : 0.0,
    "meanResTime" : 11084.57999999999,
    "medianResTime" : 3090.5,
    "minResTime" : 329.0,
    "maxResTime" : 31837.0,
    "pct1ResTime" : 26032.8,
    "pct2ResTime" : 27862.7,
    "pct3ResTime" : 30083.190000000002,
    "throughput" : 3.930045195519749,
    "receivedKBytesPerSec" : 992.7055444340735,
    "sentKBytesPerSec" : 2.0140586108927754
  },
  "homepage" : {
    "transaction" : "homepage",
    "sampleCount" : 100,
    "errorCount" : 0,
    "errorPct" : 0.0,
    "meanResTime" : 1692.86,
    "medianResTime" : 1541.0,
    "minResTime" : 400.0,
    "maxResTime" : 4283.0,
    "pct1ResTime" : 2970.4,
    "pct2ResTime" : 3247.699999999999,
    "pct3ResTime" : 4274.879999999996,
    "throughput" : 1.5641129915225076,
    "receivedKBytesPerSec" : 700.8088755347311,
    "sentKBytesPerSec" : 0.8309350267463322
  }
}